configuration.apollo.apolloEnv	SKIP	SKIP
services[1].duration	10000	40000
configuration.nacos.port	3000	3001
configuration.zookeeper.hostPort	SKIP	SKIP
configuration.nacos.username	SKIP	SKIP
configuration.nacos.port	3000	3001
storage.mysql.metadataQueryMaxSize	2500	10000
configuration.apollo.period	0	2
configuration.nacos.period	1	4
configuration.nacos.accessKey	SKIP	SKIP
configuration.consul.period	0	2
configuration.etcd.period	0	2
configuration.zookeeper.maxRetries	1	6
configuration.apollo.apolloCluster	SKIP	SKIP
configuration.zookeeper.hostPort	SKIP	SKIP
core.default.enableDataKeeperExecutor	FALSE	SKIP
default.rate	5000	20000
receiver-zipkin.default.restPort	4705	18822
services[1].name	SKIP	SKIP
services[0].rate	1000	4000
MO-1.MO-1-P1.prop2	SKIP	SKIP
MO-1.MO-1-P1.p1	SKIP	SKIP
configuration.consul.hostAndPorts	SKIP	SKIP
configuration.zookeeper.namespace	/valid/file1	/valid/file2
configuration.nacos.secretKey	SKIP	SKIP
configuration.apollo.appId	SKIP	SKIP
storage.mysql.properties.jdbcUrl	SKIP	SKIP
configuration.nacos.serverAddr	SKIP	SKIP
configuration.etcd.endpoints	SKIP	SKIP
services[1].rate	500	2000
configuration.nacos.group	xdgroup	samgroup
configuration.apollo.apolloMeta	SKIP	SKIP
configuration.etcd.endpoints	SKIP	SKIP
services[0].name	SKIP	SKIP
configuration.zookeeper.baseSleepTimeMs	500	2000
storage.mysql.properties.dataSource.password	SKIP	SKIP
configuration.apollo.apolloMeta	SKIP	SKIP
default.duration	0	-2
configuration.consul.hostAndPorts	SKIP	SKIP
receiver-zipkin.default.restHost	127.0.0.1	SKIP
configuration.nacos.namespace	SKIP	SKIP
configuration.nacos.password	SKIP	SKIP
MO-1.MO-1-P1.p2 value2	SKIP	SKIP
services[0].duration	15000	60000
configuration.zookeeper.period	0	2
configuration.etcd.namespace	/valid/file1	/valid/file2
