gcChannelsIntervalMs,index.test.ts: it_builds_a_valid_Redis_URL_with_a_password,60000,p
gcChannelsIntervalMs,config.test.ts: should_correctly_apply_partial_configuration_overrides,60000,p
gcChannelsIntervalMs,index.test.ts: it_increments_a_valid_Redis_stream_ID,60000,p
gcChannelsIntervalMs,config.test.ts: should_perform_deep_merge_between_configs,60000,p
gcChannelsIntervalMs,index.test.ts: sends_data_to_channel,60000,p
gcChannelsIntervalMs,index.test.ts: stale_sockets,60000,p
gcChannelsIntervalMs,index.test.ts: success_with_results,60000,p
gcChannelsIntervalMs,index.test.ts: error,60000,p
gcChannelsIntervalMs,config.test.ts: buildConfig_performs_deep_merge_between_configs,60000,p
gcChannelsIntervalMs,index.test.ts: closing_sockets,60000,p
gcChannelsIntervalMs,index.test.ts: multiple_sockets,60000,p
gcChannelsIntervalMs,index.test.ts: services_health_checks,60000,p
gcChannelsIntervalMs,config.test.ts: should_override_Redis_config_with_environment_variables,60000,p
gcChannelsIntervalMs,index.test.ts: success_no_results,60000,p
gcChannelsIntervalMs,index.test.ts: invalid_JWT,60000,p
gcChannelsIntervalMs,config.test.ts: should_override_StatsD_config_with_environment_variables,60000,p
gcChannelsIntervalMs,index.test.ts: no_sockets,60000,p
gcChannelsIntervalMs,config.test.ts: should_provide_consistent_configuration_on_multiple_calls,60000,p
gcChannelsIntervalMs,config.test.ts: should_use_default_values_for_missing_environment_variables,60000,p
gcChannelsIntervalMs,index.test.ts: active_sockets,60000,p
gcChannelsIntervalMs,"index.test.ts: valid_JWT,_with_lastId_and_lastFirehoseId",60000,p
gcChannelsIntervalMs,config.test.ts: should_override_JWT_config_with_environment_variables,60000,p
gcChannelsIntervalMs,index.test.ts: error_sending_data_to_client,60000,p
gcChannelsIntervalMs,index.test.ts: it_builds_a_valid_Redis_URL_with_SSL,60000,p
gcChannelsIntervalMs,index.test.ts: it_builds_a_valid_Redis_URL_from_defaults,60000,p
gcChannelsIntervalMs,index.test.ts: responds_with_a_404_when_not_found,60000,p
gcChannelsIntervalMs,config.test.ts: should_clean_up_environment_variables_after_use,60000,p
gcChannelsIntervalMs,index.test.ts: valid_upgrade,60000,p
gcChannelsIntervalMs,config.test.ts: should_build_default_configuration,60000,p
gcChannelsIntervalMs,index.test.ts: it_handles_an_invalid_Redis_stream_ID,60000,p
gcChannelsIntervalMs,"index.test.ts: valid_JWT,_with_lastId",60000,p
gcChannelsIntervalMs,"index.test.ts: valid_JWT,_no_channel",60000,p
gcChannelsIntervalMs,config.test.ts: should_handle_invalid_environment_variable_values,60000,p
gcChannelsIntervalMs,"index.test.ts: valid_JWT,_no_lastId",60000,p
gcChannelsIntervalMs,index.test.ts: channel_not_present,60000,p
gcChannelsIntervalMs,config.test.ts: buildConfig_builds_configuration_and_applies_env_var_overrides,60000,p
gcChannelsIntervalMs,index.test.ts: closed_sockets,60000,p
gcChannelsIntervalMs,index.test.ts: invalid_channel,60000,p
gcChannelsIntervalMs,index.test.ts: it_builds_a_valid_Redis_URL_with_a_password,240000,p
gcChannelsIntervalMs,config.test.ts: should_correctly_apply_partial_configuration_overrides,240000,p
gcChannelsIntervalMs,index.test.ts: it_increments_a_valid_Redis_stream_ID,240000,p
gcChannelsIntervalMs,config.test.ts: should_perform_deep_merge_between_configs,240000,p
gcChannelsIntervalMs,index.test.ts: sends_data_to_channel,240000,p
gcChannelsIntervalMs,index.test.ts: stale_sockets,240000,p
gcChannelsIntervalMs,index.test.ts: success_with_results,240000,p
gcChannelsIntervalMs,index.test.ts: error,240000,p
gcChannelsIntervalMs,config.test.ts: buildConfig_performs_deep_merge_between_configs,240000,p
gcChannelsIntervalMs,index.test.ts: closing_sockets,240000,p
gcChannelsIntervalMs,index.test.ts: multiple_sockets,240000,p
gcChannelsIntervalMs,index.test.ts: services_health_checks,240000,p
gcChannelsIntervalMs,config.test.ts: should_override_Redis_config_with_environment_variables,240000,p
gcChannelsIntervalMs,index.test.ts: success_no_results,240000,p
gcChannelsIntervalMs,index.test.ts: invalid_JWT,240000,p
gcChannelsIntervalMs,config.test.ts: should_override_StatsD_config_with_environment_variables,240000,p
gcChannelsIntervalMs,index.test.ts: no_sockets,240000,p
gcChannelsIntervalMs,config.test.ts: should_provide_consistent_configuration_on_multiple_calls,240000,p
gcChannelsIntervalMs,config.test.ts: should_use_default_values_for_missing_environment_variables,240000,p
gcChannelsIntervalMs,index.test.ts: active_sockets,240000,p
gcChannelsIntervalMs,"index.test.ts: valid_JWT,_with_lastId_and_lastFirehoseId",240000,p
gcChannelsIntervalMs,config.test.ts: should_override_JWT_config_with_environment_variables,240000,p
gcChannelsIntervalMs,index.test.ts: error_sending_data_to_client,240000,p
gcChannelsIntervalMs,index.test.ts: it_builds_a_valid_Redis_URL_with_SSL,240000,p
gcChannelsIntervalMs,index.test.ts: it_builds_a_valid_Redis_URL_from_defaults,240000,p
gcChannelsIntervalMs,index.test.ts: responds_with_a_404_when_not_found,240000,p
gcChannelsIntervalMs,config.test.ts: should_clean_up_environment_variables_after_use,240000,p
gcChannelsIntervalMs,index.test.ts: valid_upgrade,240000,p
gcChannelsIntervalMs,config.test.ts: should_build_default_configuration,240000,p
gcChannelsIntervalMs,index.test.ts: it_handles_an_invalid_Redis_stream_ID,240000,p
gcChannelsIntervalMs,"index.test.ts: valid_JWT,_with_lastId",240000,p
gcChannelsIntervalMs,"index.test.ts: valid_JWT,_no_channel",240000,p
gcChannelsIntervalMs,config.test.ts: should_handle_invalid_environment_variable_values,240000,p
gcChannelsIntervalMs,"index.test.ts: valid_JWT,_no_lastId",240000,p
gcChannelsIntervalMs,index.test.ts: channel_not_present,240000,p
gcChannelsIntervalMs,config.test.ts: buildConfig_builds_configuration_and_applies_env_var_overrides,240000,p
gcChannelsIntervalMs,index.test.ts: closed_sockets,240000,p
gcChannelsIntervalMs,index.test.ts: invalid_channel,240000,p
jwtAlgorithms.0,index.test.ts: it_builds_a_valid_Redis_URL_with_a_password,JSON,p
jwtAlgorithms.0,config.test.ts: should_correctly_apply_partial_configuration_overrides,JSON,p
jwtAlgorithms.0,index.test.ts: it_increments_a_valid_Redis_stream_ID,JSON,p
jwtAlgorithms.0,config.test.ts: should_perform_deep_merge_between_configs,JSON,p
jwtAlgorithms.0,index.test.ts: sends_data_to_channel,JSON,p
jwtAlgorithms.0,index.test.ts: stale_sockets,JSON,p
jwtAlgorithms.0,index.test.ts: success_with_results,JSON,p
jwtAlgorithms.0,index.test.ts: error,JSON,p
jwtAlgorithms.0,config.test.ts: buildConfig_performs_deep_merge_between_configs,JSON,p
jwtAlgorithms.0,index.test.ts: closing_sockets,JSON,p
jwtAlgorithms.0,index.test.ts: multiple_sockets,JSON,p
jwtAlgorithms.0,index.test.ts: services_health_checks,JSON,p
jwtAlgorithms.0,config.test.ts: should_override_Redis_config_with_environment_variables,JSON,p
jwtAlgorithms.0,index.test.ts: success_no_results,JSON,p
jwtAlgorithms.0,index.test.ts: invalid_JWT,JSON,p
jwtAlgorithms.0,config.test.ts: should_override_StatsD_config_with_environment_variables,JSON,p
jwtAlgorithms.0,index.test.ts: no_sockets,JSON,p
jwtAlgorithms.0,config.test.ts: should_provide_consistent_configuration_on_multiple_calls,JSON,p
jwtAlgorithms.0,config.test.ts: should_use_default_values_for_missing_environment_variables,JSON,p
jwtAlgorithms.0,index.test.ts: active_sockets,JSON,p
jwtAlgorithms.0,"index.test.ts: valid_JWT,_with_lastId_and_lastFirehoseId",JSON,p
jwtAlgorithms.0,config.test.ts: should_override_JWT_config_with_environment_variables,JSON,p
jwtAlgorithms.0,index.test.ts: error_sending_data_to_client,JSON,p
jwtAlgorithms.0,index.test.ts: it_builds_a_valid_Redis_URL_with_SSL,JSON,p
jwtAlgorithms.0,index.test.ts: it_builds_a_valid_Redis_URL_from_defaults,JSON,p
jwtAlgorithms.0,index.test.ts: responds_with_a_404_when_not_found,JSON,p
jwtAlgorithms.0,config.test.ts: should_clean_up_environment_variables_after_use,JSON,p
jwtAlgorithms.0,index.test.ts: valid_upgrade,JSON,p
jwtAlgorithms.0,config.test.ts: should_build_default_configuration,JSON,p
jwtAlgorithms.0,index.test.ts: it_handles_an_invalid_Redis_stream_ID,JSON,p
jwtAlgorithms.0,"index.test.ts: valid_JWT,_with_lastId",JSON,p
jwtAlgorithms.0,"index.test.ts: valid_JWT,_no_channel",JSON,p
jwtAlgorithms.0,config.test.ts: should_handle_invalid_environment_variable_values,JSON,p
jwtAlgorithms.0,"index.test.ts: valid_JWT,_no_lastId",JSON,p
jwtAlgorithms.0,index.test.ts: channel_not_present,JSON,p
jwtAlgorithms.0,config.test.ts: buildConfig_builds_configuration_and_applies_env_var_overrides,JSON,p
jwtAlgorithms.0,index.test.ts: closed_sockets,JSON,p
jwtAlgorithms.0,index.test.ts: invalid_channel,JSON,p
jwtAlgorithms.0,index.test.ts: it_builds_a_valid_Redis_URL_with_a_password,JWT,p
jwtAlgorithms.0,config.test.ts: should_correctly_apply_partial_configuration_overrides,JWT,p
jwtAlgorithms.0,index.test.ts: it_increments_a_valid_Redis_stream_ID,JWT,p
jwtAlgorithms.0,config.test.ts: should_perform_deep_merge_between_configs,JWT,p
jwtAlgorithms.0,index.test.ts: sends_data_to_channel,JWT,p
jwtAlgorithms.0,index.test.ts: stale_sockets,JWT,p
jwtAlgorithms.0,index.test.ts: success_with_results,JWT,p
jwtAlgorithms.0,index.test.ts: error,JWT,p
jwtAlgorithms.0,config.test.ts: buildConfig_performs_deep_merge_between_configs,JWT,p
jwtAlgorithms.0,index.test.ts: closing_sockets,JWT,p
jwtAlgorithms.0,index.test.ts: multiple_sockets,JWT,p
jwtAlgorithms.0,index.test.ts: services_health_checks,JWT,p
jwtAlgorithms.0,config.test.ts: should_override_Redis_config_with_environment_variables,JWT,p
jwtAlgorithms.0,index.test.ts: success_no_results,JWT,p
jwtAlgorithms.0,index.test.ts: invalid_JWT,JWT,p
jwtAlgorithms.0,config.test.ts: should_override_StatsD_config_with_environment_variables,JWT,p
jwtAlgorithms.0,index.test.ts: no_sockets,JWT,p
jwtAlgorithms.0,config.test.ts: should_provide_consistent_configuration_on_multiple_calls,JWT,p
jwtAlgorithms.0,config.test.ts: should_use_default_values_for_missing_environment_variables,JWT,p
jwtAlgorithms.0,index.test.ts: active_sockets,JWT,p
jwtAlgorithms.0,"index.test.ts: valid_JWT,_with_lastId_and_lastFirehoseId",JWT,p
jwtAlgorithms.0,config.test.ts: should_override_JWT_config_with_environment_variables,JWT,p
jwtAlgorithms.0,index.test.ts: error_sending_data_to_client,JWT,p
jwtAlgorithms.0,index.test.ts: it_builds_a_valid_Redis_URL_with_SSL,JWT,p
jwtAlgorithms.0,index.test.ts: it_builds_a_valid_Redis_URL_from_defaults,JWT,p
jwtAlgorithms.0,index.test.ts: responds_with_a_404_when_not_found,JWT,p
jwtAlgorithms.0,config.test.ts: should_clean_up_environment_variables_after_use,JWT,p
jwtAlgorithms.0,index.test.ts: valid_upgrade,JWT,p
jwtAlgorithms.0,config.test.ts: should_build_default_configuration,JWT,p
jwtAlgorithms.0,index.test.ts: it_handles_an_invalid_Redis_stream_ID,JWT,p
jwtAlgorithms.0,"index.test.ts: valid_JWT,_with_lastId",JWT,p
jwtAlgorithms.0,"index.test.ts: valid_JWT,_no_channel",JWT,p
jwtAlgorithms.0,config.test.ts: should_handle_invalid_environment_variable_values,JWT,p
jwtAlgorithms.0,"index.test.ts: valid_JWT,_no_lastId",JWT,p
jwtAlgorithms.0,index.test.ts: channel_not_present,JWT,p
jwtAlgorithms.0,config.test.ts: buildConfig_builds_configuration_and_applies_env_var_overrides,JWT,p
jwtAlgorithms.0,index.test.ts: closed_sockets,JWT,p
jwtAlgorithms.0,index.test.ts: invalid_channel,JWT,p
logToFile,index.test.ts: it_builds_a_valid_Redis_URL_with_a_password,TRUE,p
logToFile,config.test.ts: should_correctly_apply_partial_configuration_overrides,TRUE,p
logToFile,index.test.ts: it_increments_a_valid_Redis_stream_ID,TRUE,p
logToFile,config.test.ts: should_perform_deep_merge_between_configs,TRUE,p
logToFile,index.test.ts: sends_data_to_channel,TRUE,p
logToFile,index.test.ts: stale_sockets,TRUE,p
logToFile,index.test.ts: success_with_results,TRUE,p
logToFile,index.test.ts: error,TRUE,p
logToFile,config.test.ts: buildConfig_performs_deep_merge_between_configs,TRUE,p
logToFile,index.test.ts: closing_sockets,TRUE,p
logToFile,index.test.ts: multiple_sockets,TRUE,p
logToFile,index.test.ts: services_health_checks,TRUE,p
logToFile,config.test.ts: should_override_Redis_config_with_environment_variables,TRUE,p
logToFile,index.test.ts: success_no_results,TRUE,p
logToFile,index.test.ts: invalid_JWT,TRUE,p
logToFile,config.test.ts: should_override_StatsD_config_with_environment_variables,TRUE,p
logToFile,index.test.ts: no_sockets,TRUE,p
logToFile,config.test.ts: should_provide_consistent_configuration_on_multiple_calls,TRUE,p
logToFile,config.test.ts: should_use_default_values_for_missing_environment_variables,TRUE,p
logToFile,index.test.ts: active_sockets,TRUE,p
logToFile,"index.test.ts: valid_JWT,_with_lastId_and_lastFirehoseId",TRUE,p
logToFile,config.test.ts: should_override_JWT_config_with_environment_variables,TRUE,p
logToFile,index.test.ts: error_sending_data_to_client,TRUE,p
logToFile,index.test.ts: it_builds_a_valid_Redis_URL_with_SSL,TRUE,p
logToFile,index.test.ts: it_builds_a_valid_Redis_URL_from_defaults,TRUE,p
logToFile,index.test.ts: responds_with_a_404_when_not_found,TRUE,p
logToFile,config.test.ts: should_clean_up_environment_variables_after_use,TRUE,p
logToFile,index.test.ts: valid_upgrade,TRUE,p
logToFile,config.test.ts: should_build_default_configuration,TRUE,p
logToFile,index.test.ts: it_handles_an_invalid_Redis_stream_ID,TRUE,p
logToFile,"index.test.ts: valid_JWT,_with_lastId",TRUE,p
logToFile,"index.test.ts: valid_JWT,_no_channel",TRUE,p
logToFile,config.test.ts: should_handle_invalid_environment_variable_values,TRUE,p
logToFile,"index.test.ts: valid_JWT,_no_lastId",TRUE,p
logToFile,index.test.ts: channel_not_present,TRUE,p
logToFile,config.test.ts: buildConfig_builds_configuration_and_applies_env_var_overrides,TRUE,p
logToFile,index.test.ts: closed_sockets,TRUE,p
logToFile,index.test.ts: invalid_channel,TRUE,p
pingSocketsIntervalMs,index.test.ts: it_builds_a_valid_Redis_URL_with_a_password,10000,p
pingSocketsIntervalMs,config.test.ts: should_correctly_apply_partial_configuration_overrides,10000,p
pingSocketsIntervalMs,index.test.ts: it_increments_a_valid_Redis_stream_ID,10000,p
pingSocketsIntervalMs,config.test.ts: should_perform_deep_merge_between_configs,10000,p
pingSocketsIntervalMs,index.test.ts: sends_data_to_channel,10000,p
pingSocketsIntervalMs,index.test.ts: stale_sockets,10000,p
pingSocketsIntervalMs,index.test.ts: success_with_results,10000,p
pingSocketsIntervalMs,index.test.ts: error,10000,p
pingSocketsIntervalMs,config.test.ts: buildConfig_performs_deep_merge_between_configs,10000,p
pingSocketsIntervalMs,index.test.ts: closing_sockets,10000,p
pingSocketsIntervalMs,index.test.ts: multiple_sockets,10000,p
pingSocketsIntervalMs,index.test.ts: services_health_checks,10000,p
pingSocketsIntervalMs,config.test.ts: should_override_Redis_config_with_environment_variables,10000,p
pingSocketsIntervalMs,index.test.ts: success_no_results,10000,p
pingSocketsIntervalMs,index.test.ts: invalid_JWT,10000,p
pingSocketsIntervalMs,config.test.ts: should_override_StatsD_config_with_environment_variables,10000,p
pingSocketsIntervalMs,index.test.ts: no_sockets,10000,p
pingSocketsIntervalMs,config.test.ts: should_provide_consistent_configuration_on_multiple_calls,10000,p
pingSocketsIntervalMs,config.test.ts: should_use_default_values_for_missing_environment_variables,10000,p
pingSocketsIntervalMs,index.test.ts: active_sockets,10000,p
pingSocketsIntervalMs,"index.test.ts: valid_JWT,_with_lastId_and_lastFirehoseId",10000,p
pingSocketsIntervalMs,config.test.ts: should_override_JWT_config_with_environment_variables,10000,p
pingSocketsIntervalMs,index.test.ts: error_sending_data_to_client,10000,p
pingSocketsIntervalMs,index.test.ts: it_builds_a_valid_Redis_URL_with_SSL,10000,p
pingSocketsIntervalMs,index.test.ts: it_builds_a_valid_Redis_URL_from_defaults,10000,p
pingSocketsIntervalMs,index.test.ts: responds_with_a_404_when_not_found,10000,p
pingSocketsIntervalMs,config.test.ts: should_clean_up_environment_variables_after_use,10000,p
pingSocketsIntervalMs,index.test.ts: valid_upgrade,10000,p
pingSocketsIntervalMs,config.test.ts: should_build_default_configuration,10000,p
pingSocketsIntervalMs,index.test.ts: it_handles_an_invalid_Redis_stream_ID,10000,p
pingSocketsIntervalMs,"index.test.ts: valid_JWT,_with_lastId",10000,p
pingSocketsIntervalMs,"index.test.ts: valid_JWT,_no_channel",10000,p
pingSocketsIntervalMs,config.test.ts: should_handle_invalid_environment_variable_values,10000,p
pingSocketsIntervalMs,"index.test.ts: valid_JWT,_no_lastId",10000,p
pingSocketsIntervalMs,index.test.ts: channel_not_present,10000,p
pingSocketsIntervalMs,config.test.ts: buildConfig_builds_configuration_and_applies_env_var_overrides,10000,p
pingSocketsIntervalMs,index.test.ts: closed_sockets,10000,p
pingSocketsIntervalMs,index.test.ts: invalid_channel,10000,p
pingSocketsIntervalMs,index.test.ts: it_builds_a_valid_Redis_URL_with_a_password,40000,p
pingSocketsIntervalMs,config.test.ts: should_correctly_apply_partial_configuration_overrides,40000,p
pingSocketsIntervalMs,index.test.ts: it_increments_a_valid_Redis_stream_ID,40000,p
pingSocketsIntervalMs,config.test.ts: should_perform_deep_merge_between_configs,40000,p
pingSocketsIntervalMs,index.test.ts: sends_data_to_channel,40000,p
pingSocketsIntervalMs,index.test.ts: stale_sockets,40000,p
pingSocketsIntervalMs,index.test.ts: success_with_results,40000,p
pingSocketsIntervalMs,index.test.ts: error,40000,p
pingSocketsIntervalMs,config.test.ts: buildConfig_performs_deep_merge_between_configs,40000,p
pingSocketsIntervalMs,index.test.ts: closing_sockets,40000,p
pingSocketsIntervalMs,index.test.ts: multiple_sockets,40000,p
pingSocketsIntervalMs,index.test.ts: services_health_checks,40000,p
pingSocketsIntervalMs,config.test.ts: should_override_Redis_config_with_environment_variables,40000,p
pingSocketsIntervalMs,index.test.ts: success_no_results,40000,p
pingSocketsIntervalMs,index.test.ts: invalid_JWT,40000,p
pingSocketsIntervalMs,config.test.ts: should_override_StatsD_config_with_environment_variables,40000,p
pingSocketsIntervalMs,index.test.ts: no_sockets,40000,p
pingSocketsIntervalMs,config.test.ts: should_provide_consistent_configuration_on_multiple_calls,40000,p
pingSocketsIntervalMs,config.test.ts: should_use_default_values_for_missing_environment_variables,40000,p
pingSocketsIntervalMs,index.test.ts: active_sockets,40000,p
pingSocketsIntervalMs,"index.test.ts: valid_JWT,_with_lastId_and_lastFirehoseId",40000,p
pingSocketsIntervalMs,config.test.ts: should_override_JWT_config_with_environment_variables,40000,p
pingSocketsIntervalMs,index.test.ts: error_sending_data_to_client,40000,p
pingSocketsIntervalMs,index.test.ts: it_builds_a_valid_Redis_URL_with_SSL,40000,p
pingSocketsIntervalMs,index.test.ts: it_builds_a_valid_Redis_URL_from_defaults,40000,p
pingSocketsIntervalMs,index.test.ts: responds_with_a_404_when_not_found,40000,p
pingSocketsIntervalMs,config.test.ts: should_clean_up_environment_variables_after_use,40000,p
pingSocketsIntervalMs,index.test.ts: valid_upgrade,40000,p
pingSocketsIntervalMs,config.test.ts: should_build_default_configuration,40000,p
pingSocketsIntervalMs,index.test.ts: it_handles_an_invalid_Redis_stream_ID,40000,p
pingSocketsIntervalMs,"index.test.ts: valid_JWT,_with_lastId",40000,p
pingSocketsIntervalMs,"index.test.ts: valid_JWT,_no_channel",40000,p
pingSocketsIntervalMs,config.test.ts: should_handle_invalid_environment_variable_values,40000,p
pingSocketsIntervalMs,"index.test.ts: valid_JWT,_no_lastId",40000,p
pingSocketsIntervalMs,index.test.ts: channel_not_present,40000,p
pingSocketsIntervalMs,config.test.ts: buildConfig_builds_configuration_and_applies_env_var_overrides,40000,p
pingSocketsIntervalMs,index.test.ts: closed_sockets,40000,p
pingSocketsIntervalMs,index.test.ts: invalid_channel,40000,p
port,index.test.ts: it_builds_a_valid_Redis_URL_with_a_password,4062,p
port,config.test.ts: should_correctly_apply_partial_configuration_overrides,4062,p
port,index.test.ts: it_increments_a_valid_Redis_stream_ID,4062,p
port,config.test.ts: should_perform_deep_merge_between_configs,4062,p
port,index.test.ts: sends_data_to_channel,4062,p
port,index.test.ts: stale_sockets,4062,p
port,index.test.ts: success_with_results,4062,p
port,index.test.ts: error,4062,p
port,config.test.ts: buildConfig_performs_deep_merge_between_configs,4062,p
port,index.test.ts: closing_sockets,4062,p
port,index.test.ts: multiple_sockets,4062,p
port,index.test.ts: services_health_checks,4062,p
port,config.test.ts: should_override_Redis_config_with_environment_variables,4062,p
port,index.test.ts: success_no_results,4062,p
port,index.test.ts: invalid_JWT,4062,p
port,config.test.ts: should_override_StatsD_config_with_environment_variables,4062,p
port,index.test.ts: no_sockets,4062,p
port,config.test.ts: should_provide_consistent_configuration_on_multiple_calls,4062,p
port,config.test.ts: should_use_default_values_for_missing_environment_variables,4062,p
port,index.test.ts: active_sockets,4062,p
port,"index.test.ts: valid_JWT,_with_lastId_and_lastFirehoseId",4062,p
port,config.test.ts: should_override_JWT_config_with_environment_variables,4062,p
port,index.test.ts: error_sending_data_to_client,4062,p
port,index.test.ts: it_builds_a_valid_Redis_URL_with_SSL,4062,p
port,index.test.ts: it_builds_a_valid_Redis_URL_from_defaults,4062,p
port,index.test.ts: responds_with_a_404_when_not_found,4062,p
port,config.test.ts: should_clean_up_environment_variables_after_use,4062,p
port,index.test.ts: valid_upgrade,4062,p
port,config.test.ts: should_build_default_configuration,4062,p
port,index.test.ts: it_handles_an_invalid_Redis_stream_ID,4062,p
port,"index.test.ts: valid_JWT,_with_lastId",4062,p
port,"index.test.ts: valid_JWT,_no_channel",4062,p
port,config.test.ts: should_handle_invalid_environment_variable_values,4062,p
port,"index.test.ts: valid_JWT,_no_lastId",4062,p
port,index.test.ts: channel_not_present,4062,p
port,config.test.ts: buildConfig_builds_configuration_and_applies_env_var_overrides,4062,p
port,index.test.ts: closed_sockets,4062,p
port,index.test.ts: invalid_channel,4062,p
port,index.test.ts: it_builds_a_valid_Redis_URL_with_a_password,16250,p
port,config.test.ts: should_correctly_apply_partial_configuration_overrides,16250,p
port,index.test.ts: it_increments_a_valid_Redis_stream_ID,16250,p
port,config.test.ts: should_perform_deep_merge_between_configs,16250,p
port,index.test.ts: sends_data_to_channel,16250,p
port,index.test.ts: stale_sockets,16250,p
port,index.test.ts: success_with_results,16250,p
port,index.test.ts: error,16250,p
port,config.test.ts: buildConfig_performs_deep_merge_between_configs,16250,p
port,index.test.ts: closing_sockets,16250,p
port,index.test.ts: multiple_sockets,16250,p
port,index.test.ts: services_health_checks,16250,p
port,config.test.ts: should_override_Redis_config_with_environment_variables,16250,p
port,index.test.ts: success_no_results,16250,p
port,index.test.ts: invalid_JWT,16250,p
port,config.test.ts: should_override_StatsD_config_with_environment_variables,16250,p
port,index.test.ts: no_sockets,16250,p
port,config.test.ts: should_provide_consistent_configuration_on_multiple_calls,16250,p
port,config.test.ts: should_use_default_values_for_missing_environment_variables,16250,p
port,index.test.ts: active_sockets,16250,p
port,"index.test.ts: valid_JWT,_with_lastId_and_lastFirehoseId",16250,p
port,config.test.ts: should_override_JWT_config_with_environment_variables,16250,p
port,index.test.ts: error_sending_data_to_client,16250,p
port,index.test.ts: it_builds_a_valid_Redis_URL_with_SSL,16250,p
port,index.test.ts: it_builds_a_valid_Redis_URL_from_defaults,16250,p
port,index.test.ts: responds_with_a_404_when_not_found,16250,p
port,config.test.ts: should_clean_up_environment_variables_after_use,16250,p
port,index.test.ts: valid_upgrade,16250,p
port,config.test.ts: should_build_default_configuration,16250,p
port,index.test.ts: it_handles_an_invalid_Redis_stream_ID,16250,p
port,"index.test.ts: valid_JWT,_with_lastId",16250,p
port,"index.test.ts: valid_JWT,_no_channel",16250,p
port,config.test.ts: should_handle_invalid_environment_variable_values,16250,p
port,"index.test.ts: valid_JWT,_no_lastId",16250,p
port,index.test.ts: channel_not_present,16250,p
port,config.test.ts: buildConfig_builds_configuration_and_applies_env_var_overrides,16250,p
port,index.test.ts: closed_sockets,16250,p
port,index.test.ts: invalid_channel,16250,p
redis.db,index.test.ts: it_builds_a_valid_Redis_URL_with_a_password,1,p
redis.db,config.test.ts: should_correctly_apply_partial_configuration_overrides,1,p
redis.db,index.test.ts: it_increments_a_valid_Redis_stream_ID,1,p
redis.db,config.test.ts: should_perform_deep_merge_between_configs,1,p
redis.db,index.test.ts: sends_data_to_channel,1,p
redis.db,index.test.ts: stale_sockets,1,p
redis.db,index.test.ts: success_with_results,1,p
redis.db,index.test.ts: error,1,p
redis.db,config.test.ts: buildConfig_performs_deep_merge_between_configs,1,p
redis.db,index.test.ts: closing_sockets,1,p
redis.db,index.test.ts: multiple_sockets,1,p
redis.db,index.test.ts: services_health_checks,1,p
redis.db,config.test.ts: should_override_Redis_config_with_environment_variables,1,p
redis.db,index.test.ts: success_no_results,1,p
redis.db,index.test.ts: invalid_JWT,1,p
redis.db,config.test.ts: should_override_StatsD_config_with_environment_variables,1,p
redis.db,index.test.ts: no_sockets,1,p
redis.db,config.test.ts: should_provide_consistent_configuration_on_multiple_calls,1,p
redis.db,config.test.ts: should_use_default_values_for_missing_environment_variables,1,p
redis.db,index.test.ts: active_sockets,1,p
redis.db,"index.test.ts: valid_JWT,_with_lastId_and_lastFirehoseId",1,p
redis.db,config.test.ts: should_override_JWT_config_with_environment_variables,1,p
redis.db,index.test.ts: error_sending_data_to_client,1,p
redis.db,index.test.ts: it_builds_a_valid_Redis_URL_with_SSL,1,p
redis.db,index.test.ts: it_builds_a_valid_Redis_URL_from_defaults,1,p
redis.db,index.test.ts: responds_with_a_404_when_not_found,1,p
redis.db,config.test.ts: should_clean_up_environment_variables_after_use,1,p
redis.db,index.test.ts: valid_upgrade,1,p
redis.db,config.test.ts: should_build_default_configuration,1,p
redis.db,index.test.ts: it_handles_an_invalid_Redis_stream_ID,1,p
redis.db,"index.test.ts: valid_JWT,_with_lastId",1,p
redis.db,"index.test.ts: valid_JWT,_no_channel",1,p
redis.db,config.test.ts: should_handle_invalid_environment_variable_values,1,p
redis.db,"index.test.ts: valid_JWT,_no_lastId",1,p
redis.db,index.test.ts: channel_not_present,1,p
redis.db,config.test.ts: buildConfig_builds_configuration_and_applies_env_var_overrides,1,p
redis.db,index.test.ts: closed_sockets,1,p
redis.db,index.test.ts: invalid_channel,1,p
redis.db,index.test.ts: it_builds_a_valid_Redis_URL_with_a_password,20,p
redis.db,config.test.ts: should_correctly_apply_partial_configuration_overrides,20,p
redis.db,index.test.ts: it_increments_a_valid_Redis_stream_ID,20,p
redis.db,config.test.ts: should_perform_deep_merge_between_configs,20,p
redis.db,index.test.ts: sends_data_to_channel,20,p
redis.db,index.test.ts: stale_sockets,20,p
redis.db,index.test.ts: success_with_results,20,p
redis.db,index.test.ts: error,20,p
redis.db,config.test.ts: buildConfig_performs_deep_merge_between_configs,20,p
redis.db,index.test.ts: closing_sockets,20,p
redis.db,index.test.ts: multiple_sockets,20,p
redis.db,index.test.ts: services_health_checks,20,p
redis.db,config.test.ts: should_override_Redis_config_with_environment_variables,20,p
redis.db,index.test.ts: success_no_results,20,p
redis.db,index.test.ts: invalid_JWT,20,p
redis.db,config.test.ts: should_override_StatsD_config_with_environment_variables,20,p
redis.db,index.test.ts: no_sockets,20,p
redis.db,config.test.ts: should_provide_consistent_configuration_on_multiple_calls,20,p
redis.db,config.test.ts: should_use_default_values_for_missing_environment_variables,20,p
redis.db,index.test.ts: active_sockets,20,p
redis.db,"index.test.ts: valid_JWT,_with_lastId_and_lastFirehoseId",20,p
redis.db,config.test.ts: should_override_JWT_config_with_environment_variables,20,p
redis.db,index.test.ts: error_sending_data_to_client,20,p
redis.db,index.test.ts: it_builds_a_valid_Redis_URL_with_SSL,20,p
redis.db,index.test.ts: it_builds_a_valid_Redis_URL_from_defaults,20,p
redis.db,index.test.ts: responds_with_a_404_when_not_found,20,p
redis.db,config.test.ts: should_clean_up_environment_variables_after_use,20,p
redis.db,index.test.ts: valid_upgrade,20,p
redis.db,config.test.ts: should_build_default_configuration,20,p
redis.db,index.test.ts: it_handles_an_invalid_Redis_stream_ID,20,p
redis.db,"index.test.ts: valid_JWT,_with_lastId",20,p
redis.db,"index.test.ts: valid_JWT,_no_channel",20,p
redis.db,config.test.ts: should_handle_invalid_environment_variable_values,20,p
redis.db,"index.test.ts: valid_JWT,_no_lastId",20,p
redis.db,index.test.ts: channel_not_present,20,p
redis.db,config.test.ts: buildConfig_builds_configuration_and_applies_env_var_overrides,20,p
redis.db,index.test.ts: closed_sockets,20,p
redis.db,index.test.ts: invalid_channel,20,p
redis.host,index.test.ts: it_builds_a_valid_Redis_URL_with_a_password,127.0.0.1,p
redis.host,config.test.ts: should_correctly_apply_partial_configuration_overrides,127.0.0.1,p
redis.host,index.test.ts: it_increments_a_valid_Redis_stream_ID,127.0.0.1,p
redis.host,config.test.ts: should_perform_deep_merge_between_configs,127.0.0.1,p
redis.host,index.test.ts: sends_data_to_channel,127.0.0.1,p
redis.host,index.test.ts: stale_sockets,127.0.0.1,p
redis.host,index.test.ts: success_with_results,127.0.0.1,p
redis.host,index.test.ts: error,127.0.0.1,p
redis.host,config.test.ts: buildConfig_performs_deep_merge_between_configs,127.0.0.1,p
redis.host,index.test.ts: closing_sockets,127.0.0.1,p
redis.host,index.test.ts: multiple_sockets,127.0.0.1,p
redis.host,index.test.ts: services_health_checks,127.0.0.1,p
redis.host,config.test.ts: should_override_Redis_config_with_environment_variables,127.0.0.1,p
redis.host,index.test.ts: success_no_results,127.0.0.1,p
redis.host,index.test.ts: invalid_JWT,127.0.0.1,p
redis.host,config.test.ts: should_override_StatsD_config_with_environment_variables,127.0.0.1,p
redis.host,index.test.ts: no_sockets,127.0.0.1,p
redis.host,config.test.ts: should_provide_consistent_configuration_on_multiple_calls,127.0.0.1,p
redis.host,config.test.ts: should_use_default_values_for_missing_environment_variables,127.0.0.1,p
redis.host,index.test.ts: active_sockets,127.0.0.1,p
redis.host,"index.test.ts: valid_JWT,_with_lastId_and_lastFirehoseId",127.0.0.1,p
redis.host,config.test.ts: should_override_JWT_config_with_environment_variables,127.0.0.1,p
redis.host,index.test.ts: error_sending_data_to_client,127.0.0.1,p
redis.host,index.test.ts: it_builds_a_valid_Redis_URL_with_SSL,127.0.0.1,p
redis.host,index.test.ts: it_builds_a_valid_Redis_URL_from_defaults,127.0.0.1,p
redis.host,index.test.ts: responds_with_a_404_when_not_found,127.0.0.1,p
redis.host,config.test.ts: should_clean_up_environment_variables_after_use,127.0.0.1,p
redis.host,index.test.ts: valid_upgrade,127.0.0.1,p
redis.host,config.test.ts: should_build_default_configuration,127.0.0.1,p
redis.host,index.test.ts: it_handles_an_invalid_Redis_stream_ID,127.0.0.1,p
redis.host,"index.test.ts: valid_JWT,_with_lastId",127.0.0.1,p
redis.host,"index.test.ts: valid_JWT,_no_channel",127.0.0.1,p
redis.host,config.test.ts: should_handle_invalid_environment_variable_values,127.0.0.1,p
redis.host,"index.test.ts: valid_JWT,_no_lastId",127.0.0.1,p
redis.host,index.test.ts: channel_not_present,127.0.0.1,p
redis.host,config.test.ts: buildConfig_builds_configuration_and_applies_env_var_overrides,127.0.0.1,p
redis.host,index.test.ts: closed_sockets,127.0.0.1,p
redis.host,index.test.ts: invalid_channel,127.0.0.1,p
redis.port,index.test.ts: it_builds_a_valid_Redis_URL_with_a_password,3000,p
redis.port,config.test.ts: should_correctly_apply_partial_configuration_overrides,3000,p
redis.port,index.test.ts: it_increments_a_valid_Redis_stream_ID,3000,p
redis.port,config.test.ts: should_perform_deep_merge_between_configs,3000,p
redis.port,index.test.ts: sends_data_to_channel,3000,p
redis.port,index.test.ts: stale_sockets,3000,p
redis.port,index.test.ts: success_with_results,3000,p
redis.port,index.test.ts: error,3000,p
redis.port,config.test.ts: buildConfig_performs_deep_merge_between_configs,3000,p
redis.port,index.test.ts: closing_sockets,3000,p
redis.port,index.test.ts: multiple_sockets,3000,p
redis.port,index.test.ts: services_health_checks,3000,p
redis.port,config.test.ts: should_override_Redis_config_with_environment_variables,3000,p
redis.port,index.test.ts: success_no_results,3000,p
redis.port,index.test.ts: invalid_JWT,3000,p
redis.port,config.test.ts: should_override_StatsD_config_with_environment_variables,3000,p
redis.port,index.test.ts: no_sockets,3000,p
redis.port,config.test.ts: should_provide_consistent_configuration_on_multiple_calls,3000,p
redis.port,config.test.ts: should_use_default_values_for_missing_environment_variables,3000,p
redis.port,index.test.ts: active_sockets,3000,p
redis.port,"index.test.ts: valid_JWT,_with_lastId_and_lastFirehoseId",3000,p
redis.port,config.test.ts: should_override_JWT_config_with_environment_variables,3000,p
redis.port,index.test.ts: error_sending_data_to_client,3000,p
redis.port,index.test.ts: it_builds_a_valid_Redis_URL_with_SSL,3000,p
redis.port,index.test.ts: it_builds_a_valid_Redis_URL_from_defaults,3000,p
redis.port,index.test.ts: responds_with_a_404_when_not_found,3000,p
redis.port,config.test.ts: should_clean_up_environment_variables_after_use,3000,p
redis.port,index.test.ts: valid_upgrade,3000,p
redis.port,config.test.ts: should_build_default_configuration,3000,p
redis.port,index.test.ts: it_handles_an_invalid_Redis_stream_ID,3000,p
redis.port,"index.test.ts: valid_JWT,_with_lastId",3000,p
redis.port,"index.test.ts: valid_JWT,_no_channel",3000,p
redis.port,config.test.ts: should_handle_invalid_environment_variable_values,3000,p
redis.port,"index.test.ts: valid_JWT,_no_lastId",3000,p
redis.port,index.test.ts: channel_not_present,3000,p
redis.port,config.test.ts: buildConfig_builds_configuration_and_applies_env_var_overrides,3000,p
redis.port,index.test.ts: closed_sockets,3000,p
redis.port,index.test.ts: invalid_channel,3000,p
redis.port,index.test.ts: it_builds_a_valid_Redis_URL_with_a_password,3001,p
redis.port,config.test.ts: should_correctly_apply_partial_configuration_overrides,3001,p
redis.port,index.test.ts: it_increments_a_valid_Redis_stream_ID,3001,p
redis.port,config.test.ts: should_perform_deep_merge_between_configs,3001,p
redis.port,index.test.ts: sends_data_to_channel,3001,p
redis.port,index.test.ts: stale_sockets,3001,p
redis.port,index.test.ts: success_with_results,3001,p
redis.port,index.test.ts: error,3001,p
redis.port,config.test.ts: buildConfig_performs_deep_merge_between_configs,3001,p
redis.port,index.test.ts: closing_sockets,3001,p
redis.port,index.test.ts: multiple_sockets,3001,p
redis.port,index.test.ts: services_health_checks,3001,p
redis.port,config.test.ts: should_override_Redis_config_with_environment_variables,3001,p
redis.port,index.test.ts: success_no_results,3001,p
redis.port,index.test.ts: invalid_JWT,3001,p
redis.port,config.test.ts: should_override_StatsD_config_with_environment_variables,3001,p
redis.port,index.test.ts: no_sockets,3001,p
redis.port,config.test.ts: should_provide_consistent_configuration_on_multiple_calls,3001,p
redis.port,config.test.ts: should_use_default_values_for_missing_environment_variables,3001,p
redis.port,index.test.ts: active_sockets,3001,p
redis.port,"index.test.ts: valid_JWT,_with_lastId_and_lastFirehoseId",3001,p
redis.port,config.test.ts: should_override_JWT_config_with_environment_variables,3001,p
redis.port,index.test.ts: error_sending_data_to_client,3001,p
redis.port,index.test.ts: it_builds_a_valid_Redis_URL_with_SSL,3001,p
redis.port,index.test.ts: it_builds_a_valid_Redis_URL_from_defaults,3001,p
redis.port,index.test.ts: responds_with_a_404_when_not_found,3001,p
redis.port,config.test.ts: should_clean_up_environment_variables_after_use,3001,p
redis.port,index.test.ts: valid_upgrade,3001,p
redis.port,config.test.ts: should_build_default_configuration,3001,p
redis.port,index.test.ts: it_handles_an_invalid_Redis_stream_ID,3001,p
redis.port,"index.test.ts: valid_JWT,_with_lastId",3001,p
redis.port,"index.test.ts: valid_JWT,_no_channel",3001,p
redis.port,config.test.ts: should_handle_invalid_environment_variable_values,3001,p
redis.port,"index.test.ts: valid_JWT,_no_lastId",3001,p
redis.port,index.test.ts: channel_not_present,3001,p
redis.port,config.test.ts: buildConfig_builds_configuration_and_applies_env_var_overrides,3001,p
redis.port,index.test.ts: closed_sockets,3001,p
redis.port,index.test.ts: invalid_channel,3001,p
redis.ssl,index.test.ts: it_builds_a_valid_Redis_URL_with_a_password,TRUE,p
redis.ssl,config.test.ts: should_correctly_apply_partial_configuration_overrides,TRUE,p
redis.ssl,index.test.ts: it_increments_a_valid_Redis_stream_ID,TRUE,p
redis.ssl,config.test.ts: should_perform_deep_merge_between_configs,TRUE,p
redis.ssl,index.test.ts: sends_data_to_channel,TRUE,p
redis.ssl,index.test.ts: stale_sockets,TRUE,p
redis.ssl,index.test.ts: success_with_results,TRUE,p
redis.ssl,index.test.ts: error,TRUE,p
redis.ssl,config.test.ts: buildConfig_performs_deep_merge_between_configs,TRUE,p
redis.ssl,index.test.ts: closing_sockets,TRUE,p
redis.ssl,index.test.ts: multiple_sockets,TRUE,p
redis.ssl,index.test.ts: services_health_checks,TRUE,p
redis.ssl,config.test.ts: should_override_Redis_config_with_environment_variables,TRUE,p
redis.ssl,index.test.ts: success_no_results,TRUE,p
redis.ssl,index.test.ts: invalid_JWT,TRUE,p
redis.ssl,config.test.ts: should_override_StatsD_config_with_environment_variables,TRUE,p
redis.ssl,index.test.ts: no_sockets,TRUE,p
redis.ssl,config.test.ts: should_provide_consistent_configuration_on_multiple_calls,TRUE,p
redis.ssl,config.test.ts: should_use_default_values_for_missing_environment_variables,TRUE,p
redis.ssl,index.test.ts: active_sockets,TRUE,p
redis.ssl,"index.test.ts: valid_JWT,_with_lastId_and_lastFirehoseId",TRUE,p
redis.ssl,config.test.ts: should_override_JWT_config_with_environment_variables,TRUE,p
redis.ssl,index.test.ts: error_sending_data_to_client,TRUE,p
redis.ssl,index.test.ts: it_builds_a_valid_Redis_URL_with_SSL,TRUE,p
redis.ssl,index.test.ts: it_builds_a_valid_Redis_URL_from_defaults,TRUE,p
redis.ssl,index.test.ts: responds_with_a_404_when_not_found,TRUE,p
redis.ssl,config.test.ts: should_clean_up_environment_variables_after_use,TRUE,p
redis.ssl,index.test.ts: valid_upgrade,TRUE,p
redis.ssl,config.test.ts: should_build_default_configuration,TRUE,p
redis.ssl,index.test.ts: it_handles_an_invalid_Redis_stream_ID,TRUE,p
redis.ssl,"index.test.ts: valid_JWT,_with_lastId",TRUE,p
redis.ssl,"index.test.ts: valid_JWT,_no_channel",TRUE,p
redis.ssl,config.test.ts: should_handle_invalid_environment_variable_values,TRUE,p
redis.ssl,"index.test.ts: valid_JWT,_no_lastId",TRUE,p
redis.ssl,index.test.ts: channel_not_present,TRUE,p
redis.ssl,config.test.ts: buildConfig_builds_configuration_and_applies_env_var_overrides,TRUE,p
redis.ssl,index.test.ts: closed_sockets,TRUE,p
redis.ssl,index.test.ts: invalid_channel,TRUE,p
redis.validateHostname,index.test.ts: it_builds_a_valid_Redis_URL_with_a_password,FALSE,p
redis.validateHostname,config.test.ts: should_correctly_apply_partial_configuration_overrides,FALSE,p
redis.validateHostname,index.test.ts: it_increments_a_valid_Redis_stream_ID,FALSE,p
redis.validateHostname,config.test.ts: should_perform_deep_merge_between_configs,FALSE,p
redis.validateHostname,index.test.ts: sends_data_to_channel,FALSE,p
redis.validateHostname,index.test.ts: stale_sockets,FALSE,p
redis.validateHostname,index.test.ts: success_with_results,FALSE,p
redis.validateHostname,index.test.ts: error,FALSE,p
redis.validateHostname,config.test.ts: buildConfig_performs_deep_merge_between_configs,FALSE,p
redis.validateHostname,index.test.ts: closing_sockets,FALSE,p
redis.validateHostname,index.test.ts: multiple_sockets,FALSE,p
redis.validateHostname,index.test.ts: services_health_checks,FALSE,p
redis.validateHostname,config.test.ts: should_override_Redis_config_with_environment_variables,FALSE,p
redis.validateHostname,index.test.ts: success_no_results,FALSE,p
redis.validateHostname,index.test.ts: invalid_JWT,FALSE,p
redis.validateHostname,config.test.ts: should_override_StatsD_config_with_environment_variables,FALSE,p
redis.validateHostname,index.test.ts: no_sockets,FALSE,p
redis.validateHostname,config.test.ts: should_provide_consistent_configuration_on_multiple_calls,FALSE,p
redis.validateHostname,config.test.ts: should_use_default_values_for_missing_environment_variables,FALSE,p
redis.validateHostname,index.test.ts: active_sockets,FALSE,p
redis.validateHostname,"index.test.ts: valid_JWT,_with_lastId_and_lastFirehoseId",FALSE,p
redis.validateHostname,config.test.ts: should_override_JWT_config_with_environment_variables,FALSE,p
redis.validateHostname,index.test.ts: error_sending_data_to_client,FALSE,p
redis.validateHostname,index.test.ts: it_builds_a_valid_Redis_URL_with_SSL,FALSE,p
redis.validateHostname,index.test.ts: it_builds_a_valid_Redis_URL_from_defaults,FALSE,p
redis.validateHostname,index.test.ts: responds_with_a_404_when_not_found,FALSE,p
redis.validateHostname,config.test.ts: should_clean_up_environment_variables_after_use,FALSE,p
redis.validateHostname,index.test.ts: valid_upgrade,FALSE,p
redis.validateHostname,config.test.ts: should_build_default_configuration,FALSE,p
redis.validateHostname,index.test.ts: it_handles_an_invalid_Redis_stream_ID,FALSE,p
redis.validateHostname,"index.test.ts: valid_JWT,_with_lastId",FALSE,p
redis.validateHostname,"index.test.ts: valid_JWT,_no_channel",FALSE,p
redis.validateHostname,config.test.ts: should_handle_invalid_environment_variable_values,FALSE,p
redis.validateHostname,"index.test.ts: valid_JWT,_no_lastId",FALSE,p
redis.validateHostname,index.test.ts: channel_not_present,FALSE,p
redis.validateHostname,config.test.ts: buildConfig_builds_configuration_and_applies_env_var_overrides,FALSE,p
redis.validateHostname,index.test.ts: closed_sockets,FALSE,p
redis.validateHostname,index.test.ts: invalid_channel,FALSE,p
redisStreamReadBlockMs,index.test.ts: it_builds_a_valid_Redis_URL_with_a_password,abc,p
redisStreamReadBlockMs,config.test.ts: should_correctly_apply_partial_configuration_overrides,abc,p
redisStreamReadBlockMs,index.test.ts: it_increments_a_valid_Redis_stream_ID,abc,p
redisStreamReadBlockMs,config.test.ts: should_perform_deep_merge_between_configs,abc,p
redisStreamReadBlockMs,index.test.ts: sends_data_to_channel,abc,p
redisStreamReadBlockMs,index.test.ts: stale_sockets,abc,p
redisStreamReadBlockMs,index.test.ts: success_with_results,abc,p
redisStreamReadBlockMs,index.test.ts: error,abc,p
redisStreamReadBlockMs,config.test.ts: buildConfig_performs_deep_merge_between_configs,abc,p
redisStreamReadBlockMs,index.test.ts: closing_sockets,abc,p
redisStreamReadBlockMs,index.test.ts: multiple_sockets,abc,p
redisStreamReadBlockMs,index.test.ts: services_health_checks,abc,p
redisStreamReadBlockMs,config.test.ts: should_override_Redis_config_with_environment_variables,abc,p
redisStreamReadBlockMs,index.test.ts: success_no_results,abc,p
redisStreamReadBlockMs,index.test.ts: invalid_JWT,abc,p
redisStreamReadBlockMs,config.test.ts: should_override_StatsD_config_with_environment_variables,abc,p
redisStreamReadBlockMs,index.test.ts: no_sockets,abc,p
redisStreamReadBlockMs,config.test.ts: should_provide_consistent_configuration_on_multiple_calls,abc,p
redisStreamReadBlockMs,config.test.ts: should_use_default_values_for_missing_environment_variables,abc,p
redisStreamReadBlockMs,index.test.ts: active_sockets,abc,p
redisStreamReadBlockMs,"index.test.ts: valid_JWT,_with_lastId_and_lastFirehoseId",abc,p
redisStreamReadBlockMs,config.test.ts: should_override_JWT_config_with_environment_variables,abc,p
redisStreamReadBlockMs,index.test.ts: error_sending_data_to_client,abc,p
redisStreamReadBlockMs,index.test.ts: it_builds_a_valid_Redis_URL_with_SSL,abc,p
redisStreamReadBlockMs,index.test.ts: it_builds_a_valid_Redis_URL_from_defaults,abc,p
redisStreamReadBlockMs,index.test.ts: responds_with_a_404_when_not_found,abc,p
redisStreamReadBlockMs,config.test.ts: should_clean_up_environment_variables_after_use,abc,p
redisStreamReadBlockMs,index.test.ts: valid_upgrade,abc,p
redisStreamReadBlockMs,config.test.ts: should_build_default_configuration,abc,p
redisStreamReadBlockMs,index.test.ts: it_handles_an_invalid_Redis_stream_ID,abc,p
redisStreamReadBlockMs,"index.test.ts: valid_JWT,_with_lastId",abc,p
redisStreamReadBlockMs,"index.test.ts: valid_JWT,_no_channel",abc,p
redisStreamReadBlockMs,config.test.ts: should_handle_invalid_environment_variable_values,abc,p
redisStreamReadBlockMs,"index.test.ts: valid_JWT,_no_lastId",abc,p
redisStreamReadBlockMs,index.test.ts: channel_not_present,abc,p
redisStreamReadBlockMs,config.test.ts: buildConfig_builds_configuration_and_applies_env_var_overrides,abc,p
redisStreamReadBlockMs,index.test.ts: closed_sockets,abc,p
redisStreamReadBlockMs,index.test.ts: invalid_channel,abc,p
redisStreamReadBlockMs,index.test.ts: it_builds_a_valid_Redis_URL_with_a_password,10000,p
redisStreamReadBlockMs,config.test.ts: should_correctly_apply_partial_configuration_overrides,10000,p
redisStreamReadBlockMs,index.test.ts: it_increments_a_valid_Redis_stream_ID,10000,p
redisStreamReadBlockMs,config.test.ts: should_perform_deep_merge_between_configs,10000,p
redisStreamReadBlockMs,index.test.ts: sends_data_to_channel,10000,p
redisStreamReadBlockMs,index.test.ts: stale_sockets,10000,p
redisStreamReadBlockMs,index.test.ts: success_with_results,10000,p
redisStreamReadBlockMs,index.test.ts: error,10000,p
redisStreamReadBlockMs,config.test.ts: buildConfig_performs_deep_merge_between_configs,10000,p
redisStreamReadBlockMs,index.test.ts: closing_sockets,10000,p
redisStreamReadBlockMs,index.test.ts: multiple_sockets,10000,p
redisStreamReadBlockMs,index.test.ts: services_health_checks,10000,p
redisStreamReadBlockMs,config.test.ts: should_override_Redis_config_with_environment_variables,10000,p
redisStreamReadBlockMs,index.test.ts: success_no_results,10000,p
redisStreamReadBlockMs,index.test.ts: invalid_JWT,10000,p
redisStreamReadBlockMs,config.test.ts: should_override_StatsD_config_with_environment_variables,10000,p
redisStreamReadBlockMs,index.test.ts: no_sockets,10000,p
redisStreamReadBlockMs,config.test.ts: should_provide_consistent_configuration_on_multiple_calls,10000,p
redisStreamReadBlockMs,config.test.ts: should_use_default_values_for_missing_environment_variables,10000,p
redisStreamReadBlockMs,index.test.ts: active_sockets,10000,p
redisStreamReadBlockMs,"index.test.ts: valid_JWT,_with_lastId_and_lastFirehoseId",10000,p
redisStreamReadBlockMs,config.test.ts: should_override_JWT_config_with_environment_variables,10000,p
redisStreamReadBlockMs,index.test.ts: error_sending_data_to_client,10000,p
redisStreamReadBlockMs,index.test.ts: it_builds_a_valid_Redis_URL_with_SSL,10000,p
redisStreamReadBlockMs,index.test.ts: it_builds_a_valid_Redis_URL_from_defaults,10000,p
redisStreamReadBlockMs,index.test.ts: responds_with_a_404_when_not_found,10000,p
redisStreamReadBlockMs,config.test.ts: should_clean_up_environment_variables_after_use,10000,p
redisStreamReadBlockMs,index.test.ts: valid_upgrade,10000,p
redisStreamReadBlockMs,config.test.ts: should_build_default_configuration,10000,p
redisStreamReadBlockMs,index.test.ts: it_handles_an_invalid_Redis_stream_ID,10000,p
redisStreamReadBlockMs,"index.test.ts: valid_JWT,_with_lastId",10000,p
redisStreamReadBlockMs,"index.test.ts: valid_JWT,_no_channel",10000,p
redisStreamReadBlockMs,config.test.ts: should_handle_invalid_environment_variable_values,10000,p
redisStreamReadBlockMs,"index.test.ts: valid_JWT,_no_lastId",10000,p
redisStreamReadBlockMs,index.test.ts: channel_not_present,10000,p
redisStreamReadBlockMs,config.test.ts: buildConfig_builds_configuration_and_applies_env_var_overrides,10000,p
redisStreamReadBlockMs,index.test.ts: closed_sockets,10000,p
redisStreamReadBlockMs,index.test.ts: invalid_channel,10000,p
redisStreamReadCount,index.test.ts: it_builds_a_valid_Redis_URL_with_a_password,50,p
redisStreamReadCount,config.test.ts: should_correctly_apply_partial_configuration_overrides,50,p
redisStreamReadCount,index.test.ts: it_increments_a_valid_Redis_stream_ID,50,p
redisStreamReadCount,config.test.ts: should_perform_deep_merge_between_configs,50,p
redisStreamReadCount,index.test.ts: sends_data_to_channel,50,p
redisStreamReadCount,index.test.ts: stale_sockets,50,p
redisStreamReadCount,index.test.ts: success_with_results,50,p
redisStreamReadCount,index.test.ts: error,50,p
redisStreamReadCount,config.test.ts: buildConfig_performs_deep_merge_between_configs,50,p
redisStreamReadCount,index.test.ts: closing_sockets,50,p
redisStreamReadCount,index.test.ts: multiple_sockets,50,p
redisStreamReadCount,index.test.ts: services_health_checks,50,p
redisStreamReadCount,config.test.ts: should_override_Redis_config_with_environment_variables,50,p
redisStreamReadCount,index.test.ts: success_no_results,50,p
redisStreamReadCount,index.test.ts: invalid_JWT,50,p
redisStreamReadCount,config.test.ts: should_override_StatsD_config_with_environment_variables,50,p
redisStreamReadCount,index.test.ts: no_sockets,50,p
redisStreamReadCount,config.test.ts: should_provide_consistent_configuration_on_multiple_calls,50,p
redisStreamReadCount,config.test.ts: should_use_default_values_for_missing_environment_variables,50,p
redisStreamReadCount,index.test.ts: active_sockets,50,p
redisStreamReadCount,"index.test.ts: valid_JWT,_with_lastId_and_lastFirehoseId",50,p
redisStreamReadCount,config.test.ts: should_override_JWT_config_with_environment_variables,50,p
redisStreamReadCount,index.test.ts: error_sending_data_to_client,50,p
redisStreamReadCount,index.test.ts: it_builds_a_valid_Redis_URL_with_SSL,50,p
redisStreamReadCount,index.test.ts: it_builds_a_valid_Redis_URL_from_defaults,50,p
redisStreamReadCount,index.test.ts: responds_with_a_404_when_not_found,50,p
redisStreamReadCount,config.test.ts: should_clean_up_environment_variables_after_use,50,p
redisStreamReadCount,index.test.ts: valid_upgrade,50,p
redisStreamReadCount,config.test.ts: should_build_default_configuration,50,p
redisStreamReadCount,index.test.ts: it_handles_an_invalid_Redis_stream_ID,50,p
redisStreamReadCount,"index.test.ts: valid_JWT,_with_lastId",50,p
redisStreamReadCount,"index.test.ts: valid_JWT,_no_channel",50,p
redisStreamReadCount,config.test.ts: should_handle_invalid_environment_variable_values,50,p
redisStreamReadCount,"index.test.ts: valid_JWT,_no_lastId",50,p
redisStreamReadCount,index.test.ts: channel_not_present,50,p
redisStreamReadCount,config.test.ts: buildConfig_builds_configuration_and_applies_env_var_overrides,50,p
redisStreamReadCount,index.test.ts: closed_sockets,50,p
redisStreamReadCount,index.test.ts: invalid_channel,50,p
redisStreamReadCount,index.test.ts: it_builds_a_valid_Redis_URL_with_a_password,200,p
redisStreamReadCount,config.test.ts: should_correctly_apply_partial_configuration_overrides,200,p
redisStreamReadCount,index.test.ts: it_increments_a_valid_Redis_stream_ID,200,p
redisStreamReadCount,config.test.ts: should_perform_deep_merge_between_configs,200,p
redisStreamReadCount,index.test.ts: sends_data_to_channel,200,p
redisStreamReadCount,index.test.ts: stale_sockets,200,p
redisStreamReadCount,index.test.ts: success_with_results,200,p
redisStreamReadCount,index.test.ts: error,200,p
redisStreamReadCount,config.test.ts: buildConfig_performs_deep_merge_between_configs,200,p
redisStreamReadCount,index.test.ts: closing_sockets,200,p
redisStreamReadCount,index.test.ts: multiple_sockets,200,p
redisStreamReadCount,index.test.ts: services_health_checks,200,p
redisStreamReadCount,config.test.ts: should_override_Redis_config_with_environment_variables,200,p
redisStreamReadCount,index.test.ts: success_no_results,200,p
redisStreamReadCount,index.test.ts: invalid_JWT,200,p
redisStreamReadCount,config.test.ts: should_override_StatsD_config_with_environment_variables,200,p
redisStreamReadCount,index.test.ts: no_sockets,200,p
redisStreamReadCount,config.test.ts: should_provide_consistent_configuration_on_multiple_calls,200,p
redisStreamReadCount,config.test.ts: should_use_default_values_for_missing_environment_variables,200,p
redisStreamReadCount,index.test.ts: active_sockets,200,p
redisStreamReadCount,"index.test.ts: valid_JWT,_with_lastId_and_lastFirehoseId",200,p
redisStreamReadCount,config.test.ts: should_override_JWT_config_with_environment_variables,200,p
redisStreamReadCount,index.test.ts: error_sending_data_to_client,200,p
redisStreamReadCount,index.test.ts: it_builds_a_valid_Redis_URL_with_SSL,200,p
redisStreamReadCount,index.test.ts: it_builds_a_valid_Redis_URL_from_defaults,200,p
redisStreamReadCount,index.test.ts: responds_with_a_404_when_not_found,200,p
redisStreamReadCount,config.test.ts: should_clean_up_environment_variables_after_use,200,p
redisStreamReadCount,index.test.ts: valid_upgrade,200,p
redisStreamReadCount,config.test.ts: should_build_default_configuration,200,p
redisStreamReadCount,index.test.ts: it_handles_an_invalid_Redis_stream_ID,200,p
redisStreamReadCount,"index.test.ts: valid_JWT,_with_lastId",200,p
redisStreamReadCount,"index.test.ts: valid_JWT,_no_channel",200,p
redisStreamReadCount,config.test.ts: should_handle_invalid_environment_variable_values,200,p
redisStreamReadCount,"index.test.ts: valid_JWT,_no_lastId",200,p
redisStreamReadCount,index.test.ts: channel_not_present,200,p
redisStreamReadCount,config.test.ts: buildConfig_builds_configuration_and_applies_env_var_overrides,200,p
redisStreamReadCount,index.test.ts: closed_sockets,200,p
redisStreamReadCount,index.test.ts: invalid_channel,200,p
socketResponseTimeoutMs,index.test.ts: it_builds_a_valid_Redis_URL_with_a_password,30000,p
socketResponseTimeoutMs,config.test.ts: should_correctly_apply_partial_configuration_overrides,30000,p
socketResponseTimeoutMs,index.test.ts: it_increments_a_valid_Redis_stream_ID,30000,p
socketResponseTimeoutMs,config.test.ts: should_perform_deep_merge_between_configs,30000,p
socketResponseTimeoutMs,index.test.ts: sends_data_to_channel,30000,p
socketResponseTimeoutMs,index.test.ts: stale_sockets,30000,p
socketResponseTimeoutMs,index.test.ts: success_with_results,30000,p
socketResponseTimeoutMs,index.test.ts: error,30000,p
socketResponseTimeoutMs,config.test.ts: buildConfig_performs_deep_merge_between_configs,30000,p
socketResponseTimeoutMs,index.test.ts: closing_sockets,30000,p
socketResponseTimeoutMs,index.test.ts: multiple_sockets,30000,p
socketResponseTimeoutMs,index.test.ts: services_health_checks,30000,p
socketResponseTimeoutMs,config.test.ts: should_override_Redis_config_with_environment_variables,30000,p
socketResponseTimeoutMs,index.test.ts: success_no_results,30000,p
socketResponseTimeoutMs,index.test.ts: invalid_JWT,30000,p
socketResponseTimeoutMs,config.test.ts: should_override_StatsD_config_with_environment_variables,30000,p
socketResponseTimeoutMs,index.test.ts: no_sockets,30000,p
socketResponseTimeoutMs,config.test.ts: should_provide_consistent_configuration_on_multiple_calls,30000,p
socketResponseTimeoutMs,config.test.ts: should_use_default_values_for_missing_environment_variables,30000,p
socketResponseTimeoutMs,index.test.ts: active_sockets,30000,p
socketResponseTimeoutMs,"index.test.ts: valid_JWT,_with_lastId_and_lastFirehoseId",30000,p
socketResponseTimeoutMs,config.test.ts: should_override_JWT_config_with_environment_variables,30000,p
socketResponseTimeoutMs,index.test.ts: error_sending_data_to_client,30000,p
socketResponseTimeoutMs,index.test.ts: it_builds_a_valid_Redis_URL_with_SSL,30000,p
socketResponseTimeoutMs,index.test.ts: it_builds_a_valid_Redis_URL_from_defaults,30000,p
socketResponseTimeoutMs,index.test.ts: responds_with_a_404_when_not_found,30000,p
socketResponseTimeoutMs,config.test.ts: should_clean_up_environment_variables_after_use,30000,p
socketResponseTimeoutMs,index.test.ts: valid_upgrade,30000,p
socketResponseTimeoutMs,config.test.ts: should_build_default_configuration,30000,p
socketResponseTimeoutMs,index.test.ts: it_handles_an_invalid_Redis_stream_ID,30000,p
socketResponseTimeoutMs,"index.test.ts: valid_JWT,_with_lastId",30000,p
socketResponseTimeoutMs,"index.test.ts: valid_JWT,_no_channel",30000,p
socketResponseTimeoutMs,config.test.ts: should_handle_invalid_environment_variable_values,30000,p
socketResponseTimeoutMs,"index.test.ts: valid_JWT,_no_lastId",30000,p
socketResponseTimeoutMs,index.test.ts: channel_not_present,30000,p
socketResponseTimeoutMs,config.test.ts: buildConfig_builds_configuration_and_applies_env_var_overrides,30000,p
socketResponseTimeoutMs,index.test.ts: closed_sockets,30000,p
socketResponseTimeoutMs,index.test.ts: invalid_channel,30000,p
socketResponseTimeoutMs,index.test.ts: it_builds_a_valid_Redis_URL_with_a_password,120000,p
socketResponseTimeoutMs,config.test.ts: should_correctly_apply_partial_configuration_overrides,120000,p
socketResponseTimeoutMs,index.test.ts: it_increments_a_valid_Redis_stream_ID,120000,p
socketResponseTimeoutMs,config.test.ts: should_perform_deep_merge_between_configs,120000,p
socketResponseTimeoutMs,index.test.ts: sends_data_to_channel,120000,p
socketResponseTimeoutMs,index.test.ts: stale_sockets,120000,p
socketResponseTimeoutMs,index.test.ts: success_with_results,120000,p
socketResponseTimeoutMs,index.test.ts: error,120000,p
socketResponseTimeoutMs,config.test.ts: buildConfig_performs_deep_merge_between_configs,120000,p
socketResponseTimeoutMs,index.test.ts: closing_sockets,120000,p
socketResponseTimeoutMs,index.test.ts: multiple_sockets,120000,p
socketResponseTimeoutMs,index.test.ts: services_health_checks,120000,p
socketResponseTimeoutMs,config.test.ts: should_override_Redis_config_with_environment_variables,120000,p
socketResponseTimeoutMs,index.test.ts: success_no_results,120000,p
socketResponseTimeoutMs,index.test.ts: invalid_JWT,120000,p
socketResponseTimeoutMs,config.test.ts: should_override_StatsD_config_with_environment_variables,120000,p
socketResponseTimeoutMs,index.test.ts: no_sockets,120000,p
socketResponseTimeoutMs,config.test.ts: should_provide_consistent_configuration_on_multiple_calls,120000,p
socketResponseTimeoutMs,config.test.ts: should_use_default_values_for_missing_environment_variables,120000,p
socketResponseTimeoutMs,index.test.ts: active_sockets,120000,p
socketResponseTimeoutMs,"index.test.ts: valid_JWT,_with_lastId_and_lastFirehoseId",120000,p
socketResponseTimeoutMs,config.test.ts: should_override_JWT_config_with_environment_variables,120000,p
socketResponseTimeoutMs,index.test.ts: error_sending_data_to_client,120000,p
socketResponseTimeoutMs,index.test.ts: it_builds_a_valid_Redis_URL_with_SSL,120000,p
socketResponseTimeoutMs,index.test.ts: it_builds_a_valid_Redis_URL_from_defaults,120000,p
socketResponseTimeoutMs,index.test.ts: responds_with_a_404_when_not_found,120000,p
socketResponseTimeoutMs,config.test.ts: should_clean_up_environment_variables_after_use,120000,p
socketResponseTimeoutMs,index.test.ts: valid_upgrade,120000,p
socketResponseTimeoutMs,config.test.ts: should_build_default_configuration,120000,p
socketResponseTimeoutMs,index.test.ts: it_handles_an_invalid_Redis_stream_ID,120000,p
socketResponseTimeoutMs,"index.test.ts: valid_JWT,_with_lastId",120000,p
socketResponseTimeoutMs,"index.test.ts: valid_JWT,_no_channel",120000,p
socketResponseTimeoutMs,config.test.ts: should_handle_invalid_environment_variable_values,120000,p
socketResponseTimeoutMs,"index.test.ts: valid_JWT,_no_lastId",120000,p
socketResponseTimeoutMs,index.test.ts: channel_not_present,120000,p
socketResponseTimeoutMs,config.test.ts: buildConfig_builds_configuration_and_applies_env_var_overrides,120000,p
socketResponseTimeoutMs,index.test.ts: closed_sockets,120000,p
socketResponseTimeoutMs,index.test.ts: invalid_channel,120000,p
statsd.host,index.test.ts: it_builds_a_valid_Redis_URL_with_a_password,127.0.0.1,p
statsd.host,config.test.ts: should_correctly_apply_partial_configuration_overrides,127.0.0.1,p
statsd.host,index.test.ts: it_increments_a_valid_Redis_stream_ID,127.0.0.1,p
statsd.host,config.test.ts: should_perform_deep_merge_between_configs,127.0.0.1,p
statsd.host,index.test.ts: sends_data_to_channel,127.0.0.1,p
statsd.host,index.test.ts: stale_sockets,127.0.0.1,p
statsd.host,index.test.ts: success_with_results,127.0.0.1,p
statsd.host,index.test.ts: error,127.0.0.1,p
statsd.host,config.test.ts: buildConfig_performs_deep_merge_between_configs,127.0.0.1,p
statsd.host,index.test.ts: closing_sockets,127.0.0.1,p
statsd.host,index.test.ts: multiple_sockets,127.0.0.1,p
statsd.host,index.test.ts: services_health_checks,127.0.0.1,p
statsd.host,config.test.ts: should_override_Redis_config_with_environment_variables,127.0.0.1,p
statsd.host,index.test.ts: success_no_results,127.0.0.1,p
statsd.host,index.test.ts: invalid_JWT,127.0.0.1,p
statsd.host,config.test.ts: should_override_StatsD_config_with_environment_variables,127.0.0.1,p
statsd.host,index.test.ts: no_sockets,127.0.0.1,p
statsd.host,config.test.ts: should_provide_consistent_configuration_on_multiple_calls,127.0.0.1,p
statsd.host,config.test.ts: should_use_default_values_for_missing_environment_variables,127.0.0.1,p
statsd.host,index.test.ts: active_sockets,127.0.0.1,p
statsd.host,"index.test.ts: valid_JWT,_with_lastId_and_lastFirehoseId",127.0.0.1,p
statsd.host,config.test.ts: should_override_JWT_config_with_environment_variables,127.0.0.1,p
statsd.host,index.test.ts: error_sending_data_to_client,127.0.0.1,p
statsd.host,index.test.ts: it_builds_a_valid_Redis_URL_with_SSL,127.0.0.1,p
statsd.host,index.test.ts: it_builds_a_valid_Redis_URL_from_defaults,127.0.0.1,p
statsd.host,index.test.ts: responds_with_a_404_when_not_found,127.0.0.1,p
statsd.host,config.test.ts: should_clean_up_environment_variables_after_use,127.0.0.1,p
statsd.host,index.test.ts: valid_upgrade,127.0.0.1,p
statsd.host,config.test.ts: should_build_default_configuration,127.0.0.1,p
statsd.host,index.test.ts: it_handles_an_invalid_Redis_stream_ID,127.0.0.1,p
statsd.host,"index.test.ts: valid_JWT,_with_lastId",127.0.0.1,p
statsd.host,"index.test.ts: valid_JWT,_no_channel",127.0.0.1,p
statsd.host,config.test.ts: should_handle_invalid_environment_variable_values,127.0.0.1,p
statsd.host,"index.test.ts: valid_JWT,_no_lastId",127.0.0.1,p
statsd.host,index.test.ts: channel_not_present,127.0.0.1,p
statsd.host,config.test.ts: buildConfig_builds_configuration_and_applies_env_var_overrides,127.0.0.1,p
statsd.host,index.test.ts: closed_sockets,127.0.0.1,p
statsd.host,index.test.ts: invalid_channel,127.0.0.1,p
statsd.port,index.test.ts: it_builds_a_valid_Redis_URL_with_a_password,3000,p
statsd.port,config.test.ts: should_correctly_apply_partial_configuration_overrides,3000,p
statsd.port,index.test.ts: it_increments_a_valid_Redis_stream_ID,3000,p
statsd.port,config.test.ts: should_perform_deep_merge_between_configs,3000,p
statsd.port,index.test.ts: sends_data_to_channel,3000,p
statsd.port,index.test.ts: stale_sockets,3000,p
statsd.port,index.test.ts: success_with_results,3000,p
statsd.port,index.test.ts: error,3000,p
statsd.port,config.test.ts: buildConfig_performs_deep_merge_between_configs,3000,p
statsd.port,index.test.ts: closing_sockets,3000,p
statsd.port,index.test.ts: multiple_sockets,3000,p
statsd.port,index.test.ts: services_health_checks,3000,p
statsd.port,config.test.ts: should_override_Redis_config_with_environment_variables,3000,p
statsd.port,index.test.ts: success_no_results,3000,p
statsd.port,index.test.ts: invalid_JWT,3000,p
statsd.port,config.test.ts: should_override_StatsD_config_with_environment_variables,3000,p
statsd.port,index.test.ts: no_sockets,3000,p
statsd.port,config.test.ts: should_provide_consistent_configuration_on_multiple_calls,3000,p
statsd.port,config.test.ts: should_use_default_values_for_missing_environment_variables,3000,p
statsd.port,index.test.ts: active_sockets,3000,p
statsd.port,"index.test.ts: valid_JWT,_with_lastId_and_lastFirehoseId",3000,p
statsd.port,config.test.ts: should_override_JWT_config_with_environment_variables,3000,p
statsd.port,index.test.ts: error_sending_data_to_client,3000,p
statsd.port,index.test.ts: it_builds_a_valid_Redis_URL_with_SSL,3000,p
statsd.port,index.test.ts: it_builds_a_valid_Redis_URL_from_defaults,3000,p
statsd.port,index.test.ts: responds_with_a_404_when_not_found,3000,p
statsd.port,config.test.ts: should_clean_up_environment_variables_after_use,3000,p
statsd.port,index.test.ts: valid_upgrade,3000,p
statsd.port,config.test.ts: should_build_default_configuration,3000,p
statsd.port,index.test.ts: it_handles_an_invalid_Redis_stream_ID,3000,p
statsd.port,"index.test.ts: valid_JWT,_with_lastId",3000,p
statsd.port,"index.test.ts: valid_JWT,_no_channel",3000,p
statsd.port,config.test.ts: should_handle_invalid_environment_variable_values,3000,p
statsd.port,"index.test.ts: valid_JWT,_no_lastId",3000,p
statsd.port,index.test.ts: channel_not_present,3000,p
statsd.port,config.test.ts: buildConfig_builds_configuration_and_applies_env_var_overrides,3000,p
statsd.port,index.test.ts: closed_sockets,3000,p
statsd.port,index.test.ts: invalid_channel,3000,p
statsd.port,index.test.ts: it_builds_a_valid_Redis_URL_with_a_password,3001,p
statsd.port,config.test.ts: should_correctly_apply_partial_configuration_overrides,3001,p
statsd.port,index.test.ts: it_increments_a_valid_Redis_stream_ID,3001,p
statsd.port,config.test.ts: should_perform_deep_merge_between_configs,3001,p
statsd.port,index.test.ts: sends_data_to_channel,3001,p
statsd.port,index.test.ts: stale_sockets,3001,p
statsd.port,index.test.ts: success_with_results,3001,p
statsd.port,index.test.ts: error,3001,p
statsd.port,config.test.ts: buildConfig_performs_deep_merge_between_configs,3001,p
statsd.port,index.test.ts: closing_sockets,3001,p
statsd.port,index.test.ts: multiple_sockets,3001,p
statsd.port,index.test.ts: services_health_checks,3001,p
statsd.port,config.test.ts: should_override_Redis_config_with_environment_variables,3001,p
statsd.port,index.test.ts: success_no_results,3001,p
statsd.port,index.test.ts: invalid_JWT,3001,p
statsd.port,config.test.ts: should_override_StatsD_config_with_environment_variables,3001,p
statsd.port,index.test.ts: no_sockets,3001,p
statsd.port,config.test.ts: should_provide_consistent_configuration_on_multiple_calls,3001,p
statsd.port,config.test.ts: should_use_default_values_for_missing_environment_variables,3001,p
statsd.port,index.test.ts: active_sockets,3001,p
statsd.port,"index.test.ts: valid_JWT,_with_lastId_and_lastFirehoseId",3001,p
statsd.port,config.test.ts: should_override_JWT_config_with_environment_variables,3001,p
statsd.port,index.test.ts: error_sending_data_to_client,3001,p
statsd.port,index.test.ts: it_builds_a_valid_Redis_URL_with_SSL,3001,p
statsd.port,index.test.ts: it_builds_a_valid_Redis_URL_from_defaults,3001,p
statsd.port,index.test.ts: responds_with_a_404_when_not_found,3001,p
statsd.port,config.test.ts: should_clean_up_environment_variables_after_use,3001,p
statsd.port,index.test.ts: valid_upgrade,3001,p
statsd.port,config.test.ts: should_build_default_configuration,3001,p
statsd.port,index.test.ts: it_handles_an_invalid_Redis_stream_ID,3001,p
statsd.port,"index.test.ts: valid_JWT,_with_lastId",3001,p
statsd.port,"index.test.ts: valid_JWT,_no_channel",3001,p
statsd.port,config.test.ts: should_handle_invalid_environment_variable_values,3001,p
statsd.port,"index.test.ts: valid_JWT,_no_lastId",3001,p
statsd.port,index.test.ts: channel_not_present,3001,p
statsd.port,config.test.ts: buildConfig_builds_configuration_and_applies_env_var_overrides,3001,p
statsd.port,index.test.ts: closed_sockets,3001,p
statsd.port,index.test.ts: invalid_channel,3001,p